session id,message id,participant,message
1,1,User,한국 올해 여름 날씨
1,2,Planner,"안녕하세요! 😊 한국의 올해 여름 날씨에 대해 궁금하신가 보네요. 혹시 어떤 특정한 목적이나 관심사가 있으신가요? 예를 들어, 여행 계획이라든지, 기후 변화에 대한 연구라든지요. 더 구체적으로 알고 싶은 부분이 있으면 알려주세요!"
1,3,User,올해 너무 더웠잖아 ㅠㅠ
1,4,Planner,"맞아요, 올해 여름 정말 무더웠죠! 🌞 더위가 유난히 심했던 것 같아요. 혹시 이와 관련해서 더 알고 싶은 부분이 있을까요? 예를 들어, 기온 변화의 원인이라든지, 앞으로의 날씨 예측, 아니면 더위를 피할 수 있는 방법 같은 것들이요. 어떤 부분이든 말씀해주시면 도움이 될 수 있도록 준비해볼게요! 😊"
1,5,User,알아서 해줘바바~
1,6,Planner,"알겠습니다! 😊 올해 한국의 여름이 특히 더웠던 이유와 관련된 정보를 알아보는 방향으로 준비해볼게요. 다음과 같은 내용으로 진행하면 좋을 것 같습니다:

1. **기온 변화의 원인**: 올해 여름 한국에서 기록된 높은 기온의 원인을 살펴보겠습니다. 예를 들어, 기후 변화의 영향, 엘니뇨와 같은 기상 현상의 영향을 조사할 수 있습니다.

2. **기후 변화의 영향**: 최근 몇 년간의 기온 변화 추세와 올해 여름의 기온이 어떻게 비교되는지 알아봅니다. 이를 통해 장기적인 기후 변화의 징후가 있는지 파악할 수 있습니다.

3. **미래 예측**: 앞으로의 여름 날씨가 어떻게 변할지에 대한 예측을 살펴보겠습니다. 기상 전문가들의 의견이나 보고서를 통해 미래 기후에 대한 전망을 알아볼 수 있습니다.

이렇게 세 가지 방향으로 정보를 수집하면, 올해 여름의 더위에 대한 깊이 있는 이해를 도울 수 있을 것 같습니다. 이 계획이 괜찮으신가요? 😊"
1,7,User,사회적 영향도 포함해줘 미래는 뺴고
1,8,Planner,"좋아요! 😊 올해 여름의 무더위가 사회에 미친 영향까지 포함하여 알아보는 방향으로 하겠습니다. 다음과 같은 내용을 포함할 수 있을 것 같아요:

1. **기온 변화의 원인**: 올해 여름 한국에서 기록된 높은 기온의 원인을 살펴보겠습니다. 기후 변화나 기상 현상(예: 엘니뇨)의 영향을 조사할 수 있습니다.

2. **기후 변화의 영향**: 최근 몇 년간의 기온 변화 추세와 올해 여름의 기온이 어떻게 비교되는지 알아봅니다. 이를 통해 장기적인 기후 변화의 징후가 있는지 파악할 수 있습니다.

3. **사회적 영향**: 무더위가 사회에 미친 영향을 분석해보겠습니다. 예를 들어, 에너지 사용량 증가, 건강 문제 발생, 경제적 영향(예: 농작물 피해) 등을 조사할 수 있습니다.

이렇게 세 가지 측면에서 정보를 수집하면, 올해 여름의 더위에 대한 포괄적인 이해를 도울 수 있을 것 같습니다. 이 방향으로 진행해도 괜찮으신가요? 😊"
1,9,User,충분해요
1,10,Supervisor,"""next"": ""Researcher"""
1,11,Researcher,"""query"": ""2024 한국 여름 기온 변화 원인""
""query"": ""2024 한국 여름 기후 변화 영향""
""query"": ""2024 한국 여름 무더위 사회적 영향"""
1,12,Reviewer,"현재 검색 결과를 분석한 결과, 2024년 한국 여름의 기온 변화 원인, 기후 변화의 영향, 그리고 사회적 영향을 다루고 있습니다. 그러나 각 측면에서의 정보가 충분히 깊이 있게 다뤄지지 않았습니다.

1. **기온 변화의 원인**: 검색 결과는 엘니뇨와 같은 기상 현상이 올해 여름의 높은 기온에 영향을 미쳤음을 언급하고 있습니다. 하지만, 이러한 기상 현상이 구체적으로 어떻게 기온에 영향을 미쳤는지에 대한 세부적인 분석이 부족합니다.

2. **기후 변화의 영향**: 올해 여름의 기후 변화가 과거와 어떻게 다른지에 대한 비교가 필요합니다. 예를 들어, 장기적인 기후 변화 추세와의 비교, 그리고 이러한 변화가 앞으로의 여름 날씨에 미칠 영향에 대한 예측이 필요합니다.

3. **사회적 영향**: 검색 결과는 무더위가 사회에 미친 영향을 일부 다루고 있지만, 에너지 사용량 증가, 건강 문제 발생, 경제적 영향(예: 농작물 피해) 등에 대한 구체적인 데이터나 사례가 부족합니다.

따라서, 다음과 같은 보완 검색을 제안합니다:
- ""2024 한국 여름 엘니뇨 기온 영향 분석""
- ""한국 여름 기후 변화 장기 추세 비교""
- ""2024 한국 여름 무더위 사회적 영향 사례 연구""

이 검색어들을 통해 보다 심층적인 분석과 구체적인 데이터를 확보할 수 있을 것입니다. 

feedback : FAIL"
1,13,Researcher,"""query"": ""2024 한국 여름 엘니뇨 기온 영향 분석""
""query"": ""한국 여름 기후 변화 장기 추세 비교""
""query"": ""2024 한국 여름 무더위 사회적 영향 사례 연구"""
1,14,Reviewer,"현재 검색 결과를 통해 2024년 한국 여름의 기온 변화 원인, 기후 변화의 장기 추세, 그리고 사회적 영향에 대한 정보를 수집했습니다. 다음은 각 검색 결과의 요약입니다.

1. **기온 변화의 원인**:
   - 엘니뇨 현상이 한국의 여름 기온에 미치는 영향을 다루고 있습니다. 엘니뇨는 해수면 온도 상승과 관련이 있으며, 이를 통해 한국의 여름 기온이 높아지는 현상을 설명하고 있습니다.

2. **기후 변화의 장기 추세**:
   - 장기적인 기후 변화 추세를 분석한 결과, 최근 100년 동안 한국의 평균 기온이 지속적으로 상승하고 있음을 보여줍니다. 이는 여름이 길어지고 겨울이 짧아지는 경향과도 연관이 있습니다.

3. **사회적 영향**:
   - 무더위로 인해 발생하는 사회적 영향으로는 건강 문제, 에너지 사용 증가, 농작물 피해 등이 있습니다. 특히, 폭염으로 인한 건강 문제와 농작물 피해가 심각하여 공공 보건 시스템과 농업에 큰 부담을 주고 있습니다.

이 정보를 바탕으로 올해 여름의 더위에 대한 포괄적인 이해를 도울 수 있습니다. 각 측면에서 충분히 잘 조사되었으므로, 이를 바탕으로 최종 답변을 작성하시기 바랍니다.

feedback : PASS"
1,15,Researcher,"# 2024년 한국 여름의 무더위: 원인과 사회적 영향

## 엘니뇨, 한국 여름 기온의 주범
올해 여름 한국의 무더위는 엘니뇨 현상과 밀접한 관련이 있습니다. 엘니뇨는 태평양 해수면 온도가 비정상적으로 상승하는 현상으로, 이는 전 세계적으로 기온 상승을 유발합니다. 한국에서는 이러한 엘니뇨의 영향으로 여름철 기온이 평년보다 높게 나타났습니다. 이로 인해 서울과 부산 등 주요 도시에서는 기록적인 더위를 경험하게 되었습니다 [🔗](https://www.bbc.com/korean/features-64245268).

## 기후 변화, 점점 더 뜨거워지는 여름
장기적인 기후 변화의 영향으로 한국의 여름은 점점 더 길어지고 뜨거워지고 있습니다. 지난 100년간 한국의 평균 기온은 꾸준히 상승했으며, 특히 여름철 기온 상승이 두드러지고 있습니다. 이는 여름철 폭염의 빈도와 강도를 증가시켜, 더위가 일상화되는 경향을 보입니다 [🔗](http://www.climate.go.kr/home/bbs/dw_proc.php?bname=newsreport&dkind=s&num=6509).

## 무더위가 가져온 사회적 영향
올해 여름의 무더위는 다양한 사회적 영향을 미쳤습니다. 건강 문제로는 폭염으로 인한 열사병 및 탈수 증상이 증가하였으며, 병원 응급실이 포화 상태에 이르기도 했습니다. 또한, 에너지 사용량이 급증하면서 전력 수요가 최고치를 기록하였고, 이는 전력 공급의 부담으로 작용했습니다. 농업 분야에서는 작물 피해가 발생하여 식량 가격이 상승하는 등 경제적 손실도 발생했습니다 [🔗](https://m.blog.naver.com/intime82/223558361506).

💡 **실용적 인사이트**: 이러한 기후 변화와 사회적 영향에 대응하기 위해서는 에너지 효율성을 높이고, 폭염에 대한 건강 관리 체계를 강화하며, 농업 부문에서의 기후 적응 전략을 마련하는 것이 필요합니다.

## 정보의 한계와 추가 연구 제안
이번 분석은 엘니뇨와 기후 변화가 한국 여름에 미친 영향을 중심으로 다루었습니다. 그러나, 지역별 기온 변화의 차이, 구체적인 경제적 손실에 대한 데이터 등은 추가적으로 조사할 필요가 있습니다. 또한, 기후 변화에 대한 장기적인 대응 방안과 정책적 접근에 대한 연구가 필요합니다."
2,1,User,신생 화장품 브랜드들의 시장 진입 전략에 대해 조사해줘.
2,2,Planner,"신생 화장품 브랜드의 시장 진입 전략에 대해 알아보는 것은 흥미로운 주제입니다! 😊 이 조사를 통해 어떤 정보를 얻고 싶으신가요? 예를 들어, 특정 지역에 대한 정보나 성공적인 사례, 또는 현재 트렌드에 대한 정보 등이 있을까요? 더 구체적으로 알고 싶은 부분이 있다면 말씀해 주세요!"
2,3,User,타겟이 청소년이야
2,4,Planner,"청소년을 타겟으로 하는 신생 화장품 브랜드의 시장 진입 전략을 조사하는 것은 정말 흥미로운 주제네요! 🎯 이 주제를 통해 청소년 소비자의 특성을 이해하고, 효과적인 마케팅 전략을 수립하는 데 큰 도움이 될 수 있을 거예요.

다음과 같은 방향으로 조사를 진행하면 좋을 것 같습니다:

1. **청소년 소비자 분석**: 청소년들이 화장품 구매 시 중요하게 여기는 요소(예: 성분, 가격, 브랜드 이미지 등)를 파악합니다.

2. **디지털 마케팅 전략**: 청소년들이 주로 사용하는 소셜 미디어 플랫폼과 그들의 참여 패턴을 분석하여, 효과적인 온라인 마케팅 전략을 수립합니다.

3. **브랜드 사례 연구**: 청소년을 타겟으로 성공적으로 시장에 진입한 신생 화장품 브랜드의 사례를 조사하여, 그들의 전략과 시행착오를 분석합니다.

4. **현재 시장 트렌드**: 청소년 화장품 시장에서의 최신 트렌드와 성장 가능성에 대해 알아봅니다.

이러한 방향으로 조사를 진행하면 청소년 타겟 시장에 대한 명확한 인사이트를 얻을 수 있을 것입니다. 이 계획이 괜찮으신가요, 아니면 추가하고 싶은 부분이 있을까요? 😊"
2,5,User,충분해요
2,6,Supervisor,"""next"": ""Researcher"""
2,7,Researcher,"""query"": ""청소년 소비자 화장품 구매 요소 2024""
""query"": ""청소년 대상 디지털 마케팅 전략 2024""
""query"": ""청소년 타겟 성공적인 화장품 브랜드 사례""
""query"": ""2024 청소년 화장품 시장 트렌드"""
2,8,Reviewer,"1. **청소년 소비자 분석**: 현재 검색 결과는 청소년 소비자가 화장품 구매 시 중요하게 여기는 요소에 대한 구체적인 정보가 부족합니다. 청소년들이 선호하는 성분, 가격대, 브랜드 이미지 등에 대한 정보가 필요합니다.

2. **디지털 마케팅 전략**: 검색 결과는 디지털 마케팅 전략에 대한 최신 트렌드와 기술을 다루고 있지만, 청소년 타겟에 특화된 전략에 대한 구체적인 사례나 방법론이 부족합니다. 청소년들이 주로 사용하는 소셜 미디어 플랫폼과 그들의 참여 패턴에 대한 구체적인 정보가 필요합니다.

3. **브랜드 사례 연구**: 청소년을 타겟으로 성공적으로 시장에 진입한 신생 화장품 브랜드의 구체적인 사례가 부족합니다. 성공적인 브랜드의 구체적인 전략, 시행착오, 그리고 그들이 어떻게 청소년 타겟을 공략했는지에 대한 정보가 필요합니다.

4. **현재 시장 트렌드**: 청소년 화장품 시장의 최신 트렌드와 성장 가능성에 대한 정보는 일부 포함되어 있으나, 더 구체적인 시장 분석과 예측이 필요합니다.

feedback : FAIL

보완 방향:
- ""청소년 화장품 구매 선호 요소""와 관련된 구체적인 연구나 설문조사 결과를 검색해 보세요.
- ""청소년 타겟 소셜 미디어 마케팅 사례""를 중심으로 구체적인 사례나 성공적인 캠페인에 대한 정보를 찾으세요.
- ""청소년 타겟 성공적인 화장품 브랜드 사례""를 더 구체적으로 조사해 보세요. 성공적인 브랜드의 구체적인 전략과 시행착오에 대한 정보를 찾으세요.
- ""2024 청소년 화장품 시장 분석""과 관련된 더 구체적인 시장 보고서나 분석 자료를 찾아보세요."
2,9,Researcher,"""query"": ""청소년 화장품 구매 선호 요소 2024""
""query"": ""청소년 타겟 소셜 미디어 마케팅 사례 2024""
""query"": ""청소년 타겟 성공적인 화장품 브랜드 사례 2024""
""query"": ""2024 청소년 화장품 시장 분석"""
2,10,Reviewer,"1. **청소년 소비자 분석**: 이번 검색에서는 청소년 소비자가 선호하는 화장품 요소에 대한 구체적인 정보가 여전히 부족합니다. 청소년들이 중요하게 여기는 성분, 가격대, 브랜드 이미지 등에 대한 정보가 필요합니다.

2. **디지털 마케팅 전략**: 청소년을 타겟으로 한 소셜 미디어 마케팅 사례는 일부 다루어졌으나, 구체적인 성공 사례나 청소년들이 주로 사용하는 플랫폼에 대한 정보가 부족합니다.

3. **브랜드 사례 연구**: 청소년을 타겟으로 성공적으로 시장에 진입한 브랜드 사례에 대한 정보가 여전히 부족합니다. 성공적인 브랜드의 구체적인 전략과 사례에 대한 정보가 필요합니다.

4. **현재 시장 트렌드**: 청소년 화장품 시장의 최신 트렌드와 성장 가능성에 대한 정보는 일부 포함되어 있으나, 더 구체적인 시장 분석과 예측이 필요합니다.

feedback : FAIL

보완 방향:
- ""청소년 화장품 구매 선호 요소""와 관련된 구체적인 연구나 설문조사 결과를 추가로 검색해 보세요.
- ""청소년 타겟 소셜 미디어 마케팅 사례""를 중심으로 구체적인 성공 사례나 캠페인에 대한 정보를 더 찾아보세요.
- ""청소년 타겟 성공적인 화장품 브랜드 사례""를 더 구체적으로 조사하여, 성공적인 브랜드의 전략과 시행착오에 대한 정보를 추가로 찾아보세요.
- ""2024 청소년 화장품 시장 분석""과 관련된 더 구체적인 시장 보고서나 분석 자료를 추가로 검색해 보세요."
2,11,Researcher,"""query"": ""청소년 화장품 구매 선호 요소 조사 2024""
""query"": ""청소년 타겟 소셜 미디어 마케팅 성공 사례 2024""
""query"": ""청소년 타겟 성공적인 화장품 브랜드 전략 사례 2024""
""query"": ""2024 청소년 화장품 시장 분석 보고서"""
2,12,Reviewer,"1. **청소년 소비자 분석**: 이번 검색에서는 청소년 소비자가 화장품 구매 시 중요하게 여기는 요소에 대한 구체적인 정보가 일부 제공되었습니다. 청소년들이 선호하는 가격대와 구매 행동에 대한 정보가 포함되어 있습니다.

2. **디지털 마케팅 전략**: 청소년을 타겟으로 한 소셜 미디어 마케팅 성공 사례가 일부 포함되어 있습니다. 구체적인 사례와 전략에 대한 정보가 제공되었습니다.

3. **브랜드 사례 연구**: 청소년을 타겟으로 성공적으로 시장에 진입한 화장품 브랜드의 전략 사례에 대한 정보가 일부 제공되었습니다. 성공적인 브랜드의 전략과 사례에 대한 정보를 포함하고 있습니다.

4. **현재 시장 트렌드**: 청소년 화장품 시장의 최신 트렌드와 성장 가능성에 대한 정보가 충분히 제공되었습니다. 시장 분석과 예측이 포함되어 있습니다.

feedback : PASS

이번 검색 결과는 청소년을 타겟으로 하는 신생 화장품 브랜드의 시장 진입 전략에 대한 정보를 충분히 제공합니다. 청소년 소비자의 구매 행동, 디지털 마케팅 전략, 성공적인 브랜드 사례, 그리고 현재 시장 트렌드에 대한 정보가 잘 조사되었습니다. 최종 답변 작성을 진행하시기 바랍니다."
2,13,Researcher,"# 청소년을 타겟으로 한 신생 화장품 브랜드의 시장 진입 전략

## 청소년 소비자 분석: 가격과 정보 탐색이 구매 결정에 큰 영향
청소년 소비자들은 주로 10,000원에서 20,000원 사이의 제품을 선호하며, 인터넷을 통해 필요한 정보를 수집하고 직접 매장을 방문하여 구매하는 경향이 강합니다. 이들은 주로 H&B 스토어에서 화장품을 구매하며, 월 평균 1~2회 정도 구매 활동을 합니다 [🔗](https://scienceon.kisti.re.kr/srch/selectPORSrchArticle.do?cn=DIKO0016832887).

💡 청소년 소비자들은 합리적인 가격대의 제품과 온라인에서의 정보 탐색을 중요시하므로, 브랜드는 온라인에서의 정보 제공과 가격 경쟁력을 강화하는 것이 중요합니다.

## 디지털 마케팅 전략: 소셜 미디어를 통한 타겟팅이 핵심
청소년을 대상으로 한 소셜 미디어 마케팅에서는 인스타그램이나 틱톡과 같은 플랫폼에서의 콘텐츠가 효과적입니다. 이러한 플랫폼들은 청소년들이 활발하게 사용하는 공간으로, 브랜드 인지도를 높이는 데 유리합니다 [🔗](https://criterionglobal.com/ko/\uc0ac\ub840/\uc80a\uc740-\uace0\uac1d\ce35\uc758-\uace0\uac1d-\uc0dd\uc560-\uac00\ucce5\ud558\ub294-z\uc138\ub300-\ub9c8\ucf00/).

💡 청소년들이 주로 사용하는 소셜 미디어 플랫폼에서의 적극적인 마케팅 활동을 통해 브랜드 인지도를 높이고, 청소년들의 참여를 유도하는 콘텐츠를 개발하는 것이 중요합니다.

## 브랜드 사례 연구: 성공적인 전략은 무엇인가?
성공적인 청소년 타겟 화장품 브랜드들은 주로 디지털 마케팅에 집중하여 온라인에서의 존재감을 강화하고 있습니다. 예를 들어, 특정 브랜드는 SNS 콘텐츠를 통해 청소년 소비자들의 관심을 끌고, 그들의 피드백을 제품 개발에 반영하여 긍정적인 브랜드 이미지를 구축하고 있습니다 [🔗](https://www.sankyungtoday.com/news/articleView.html?idxno=48525).

💡 청소년 타겟 브랜드는 소비자 참여를 유도하고, 그들의 피드백을 제품 개선에 적극 반영함으로써, 소비자와의 긴밀한 관계를 형성하는 것이 중요합니다.

## 현재 시장 트렌드: 지속 가능한 제품과 기술의 융합
2024년 화장품 시장에서는 지속 가능한 제품과 기술의 융합이 주요 트렌드로 자리 잡고 있습니다. 소비자들은 지속 가능성을 중요시하며, 이러한 트렌드를 반영한 제품들이 인기를 끌고 있습니다 [🔗](https://www.mordorintelligence.kr/industry-reports/global-cosmetic-products-industry/market-trends).

💡 브랜드는 지속 가능한 성분과 포장재를 사용하고, 기술을 활용한 혁신적인 제품을 개발하여 시장에서의 경쟁력을 강화할 수 있습니다.

### 결론
청소년을 타겟으로 한 신생 화장품 브랜드는 합리적인 가격과 온라인 정보 제공, 소셜 미디어를 통한 활발한 마케팅, 소비자 참여를 통한 제품 개선, 그리고 지속 가능한 제품 개발을 통해 시장에서 성공적인 진입을 할 수 있습니다. 추가적으로, 시장의 변화에 민첩하게 대응하고, 소비자 피드백을 적극 수용하는 전략이 필요합니다."
81000,1,User,40-50대 남성의 건강 관심사 및 미디어 소비 행태를 알려줘
81000,2,Planner,"이 주제에 대해 더 구체적으로 알고 싶은 부분이 있나요? 예를 들어, 특정 건강 문제에 대한 관심사나 미디어 소비의 특정 플랫폼에 대한 정보가 필요하신가요?"
81000,3,User,소셜미디어에 대한 정보를 알려주세요
81000,4,Planner,"소셜미디어에 대해 알고 싶은 구체적인 정보는 무엇인가요? 예를 들어, 40-50대 남성이 주로 사용하는 소셜미디어 플랫폼이나, 소셜미디어를 사용하는 목적과 같은 정보가 필요하신가요?"
81000,5,User,둘다 필요해요
81000,6,Planner,"40-50대 남성의 건강 관심사 및 소셜미디어 소비 행태에 대한 정보를 조사할 때, 다음과 같은 내용을 확인하겠습니다:

1. **주로 사용하는 소셜미디어 플랫폼**: 이 연령대의 남성들이 가장 많이 사용하는 소셜미디어 플랫폼은 무엇인지.
2. **소셜미디어 사용 목적**: 소셜미디어를 사용하는 주요 목적이 무엇인지 (예: 뉴스 소비, 건강 정보 검색, 친구와의 교류 등).

이 주제에 대해 이제 조사를 진행할 수 있나요?"
80930,1,User,40-50대 남성의 건강 관심사 및 미디어 소비 행태를 알려주세요
80930,2,Planner,"안녕하세요! 😊 40-50대 남성의 건강 관심사와 미디어 소비 행태에 대해 알아보고 싶으신 것 같네요. 이 주제는 매우 흥미로운데요! 혹시 이 정보를 통해 달성하고자 하는 특정 목표가 있으신가요? 예를 들어, 마케팅 전략을 세우거나, 콘텐츠 개발에 활용하려는 건가요? 더 구체적으로 알려주시면 도움이 될 것 같아요."
80930,3,User,소셜 마케팅 전략을 세우려고 해요.
80930,4,Planner,"훌륭해요! 😊 소셜 마케팅 전략을 위해 40-50대 남성의 건강 관심사와 미디어 소비 행태를 알아보는 것은 아주 현명한 접근입니다. 이를 통해 보다 타겟화된 콘텐츠를 제작할 수 있을 거예요. 

다음과 같은 방향으로 정보를 조사해보면 좋을 것 같아요:

1. **건강 관심사**: 
   - 40-50대 남성들이 주로 관심을 가지는 건강 이슈(예: 심혈관 건강, 체중 관리, 스트레스 관리 등)를 파악합니다.
   - 이 연령대에서 인기 있는 건강 관련 활동이나 트렌드(예: 홈트레이닝, 건강 보조제 등)를 조사합니다.

2. **미디어 소비 행태**:
   - 이들이 주로 사용하는 소셜 미디어 플랫폼(예: Facebook, YouTube 등)과 그 사용 패턴을 분석합니다.
   - 건강 정보 검색 시 주로 활용하는 온라인 채널이나 커뮤니티를 파악합니다.

이러한 정보를 바탕으로, 보다 효과적인 소셜 마케팅 전략을 수립할 수 있을 것입니다. 이 계획이 괜찮으신가요? 추가적으로 알고 싶은 부분이 있으면 말씀해 주세요! 😊"
80930,5,User,네
810002,1,User,신생 화장품 브랜드들의 시장 진입 전략에 대해 조사해줘.
810002,2,Planner,"신생 화장품 브랜드의 시장 진입 전략에 대해 알아보는 것은 흥미로운 주제입니다! 😊 이 조사를 통해 어떤 정보를 얻고 싶으신가요? 예를 들어, 특정 지역에 대한 정보나 성공적인 사례, 또는 현재 트렌드에 대한 정보 등이 있을까요? 더 구체적으로 알고 싶은 부분이 있다면 말씀해 주세요!"
810002,3,User,타겟이 청소년이야
810002,4,Planner,"청소년을 타겟으로 하는 신생 화장품 브랜드의 시장 진입 전략을 조사하는 것은 정말 흥미로운 주제네요! 🎯 이 주제를 통해 청소년 소비자의 특성을 이해하고, 효과적인 마케팅 전략을 수립하는 데 큰 도움이 될 수 있을 거예요.

다음과 같은 방향으로 조사를 진행하면 좋을 것 같습니다:

1. **청소년 소비자 분석**: 청소년들이 화장품 구매 시 중요하게 여기는 요소(예: 성분, 가격, 브랜드 이미지 등)를 파악합니다.

2. **디지털 마케팅 전략**: 청소년들이 주로 사용하는 소셜 미디어 플랫폼과 그들의 참여 패턴을 분석하여, 효과적인 온라인 마케팅 전략을 수립합니다.

3. **브랜드 사례 연구**: 청소년을 타겟으로 성공적으로 시장에 진입한 신생 화장품 브랜드의 사례를 조사하여, 그들의 전략과 시행착오를 분석합니다.

4. **현재 시장 트렌드**: 청소년 화장품 시장에서의 최신 트렌드와 성장 가능성에 대해 알아봅니다.

이러한 방향으로 조사를 진행하면 청소년 타겟 시장에 대한 명확한 인사이트를 얻을 수 있을 것입니다. 이 계획이 괜찮으신가요, 아니면 추가하고 싶은 부분이 있을까요? 😊"
810002,5,User,충분해요
809302,1,User,신생 화장품 브랜드들의 시장 진입 전략에 대해 조사해줘
809302,2,Planner,"신생 화장품 브랜드의 시장 진입 전략에 대해 어떤 특정 측면에 대해 알고 싶으신가요? 예를 들어, 마케팅 전략, 유통 채널, 가격 정책, 타겟 고객층 등 구체적으로 말씀해주시면 더 도움이 될 것 같습니다."
809302,3,User,청소년이 타겟이야
809302,4,Planner,"청소년을 타겟으로 하는 신생 화장품 브랜드의 시장 진입 전략에 대해 조사할 때, 특정 브랜드 사례나 성공 및 실패 사례에 대한 정보가 필요하신가요? 또는 다른 특정한 정보가 필요한지 말씀해주시면 좋겠습니다."
809302,5,User,요즘 청소년은 뭐좋아하는지나 트렌드
809302,6,Planner,"청소년들이 현재 선호하는 화장품의 종류나 트렌드에 대해 알아보는 데 도움이 될 특정한 카테고리가 있나요? 예를 들어, 스킨케어, 메이크업, 친환경 제품 등 특정 분야에 대해 알고 싶으신가요?"
809302,7,User,전반적인 트렌드?
809302,8,Planner,"청소년을 타겟으로 하는 신생 화장품 브랜드의 시장 진입 전략에 대해 조사할 때, 청소년들이 현재 선호하는 전반적인 화장품 트렌드에 대해 알아보겠습니다. 이 정보로 연구를 진행하면 될까요?"
809302,9,User,네 좋아요
100930,1,User,일반 타이어와 전기차 타이어의 차이점을 바탕으로 전기차 타이어 판매전략을 세워주세요
100930,2,……,...생략…
100930,3,Researcher,"전기차(EV) 타이어 판매를 위한 마케팅 전략을 개발하려면 EV 타이어와 일반 타이어의 주요 차이점, 그리고 이러한 차이점과 성장하는 EV 시장에 맞춘 효과적인 마케팅 전략을 고려해야 합니다.

### EV 타이어와 일반 타이어의 차이점:

1. **저항 감소**: EV 타이어는 에너지 손실을 줄여 주행 거리를 최대화하기 위해 매우 낮은 회전 저항을 갖도록 설계되었습니다. 이는 주행 거리에 신경 쓰는 EV 운전자에게 매우 중요합니다.

2. **높은 중량 지지력**: EV 타이어는 배터리 팩으로 인해 내연기관 차량보다 10-20% 더 무거운 전기차의 중량을 견딜 수 있도록 제작됩니다. 이러한 내구성은 타이어의 수명과 성능을 유지하는 데 필수적입니다.

3. **향상된 접지력**: EV는 높은 토크 출력을 처리하기 위해 비대칭 트레드 패턴과 미끄러운 표면에서 더 나은 접지력을 제공하는 타이어가 필요합니다.

4. **소음 감소**: EV 타이어는 도로 소음을 최소화하도록 설계되어 엔진 소음이 없는 EV에서 더 조용한 주행 환경을 제공합니다.

5. **비용 고려**: EV 타이어는 일반 타이어보다 더 비싼 경향이 있지만, 프리미엄 내연기관 차량용 타이어와 크게 차이나지 않습니다.

### EV 타이어 판매를 위한 마케팅 전략:

1. **성능 특징 강조**: 주행 거리 향상을 위한 저항 감소, 안전을 위한 향상된 접지력, 소음 감소와 같은 EV 타이어의 독특한 기능을 강조합니다.

2. **소비자 교육**: EV 전용 타이어 사용의 중요성과 안전을 위한 최적의 성능에 대해 잠재 고객에게 교육하는 캠페인을 진행합니다. 중량 지지력과 내구성 등 주요 우려 사항을 다룹니다.

3. **친환경 혜택 강조**: EV 타이어가 차량의 효율성 및 지속 가능성에 기여한다는 메시지를 통해 친환경적인 EV 운전자의 가치관에 맞춥니다.

4. **EV 제조사 및 대리점과의 제휴**: EV 제조업체 및 대리점과 전략적 제휴를 통해 EV 구매 시 EV 타이어를 추천하거나 번들링하여 고객이 필요성과 혜택을 이해하도록 합니다.

5. **디지털 맞춤형 캠페인**: 데이터 기반의 마케팅을 통해 온라인 플랫폼과 소셜 미디어에서 EV 보유자, 특히 EV 보급률이 높은 지역을 타겟으로 합니다.

6. **구매 장려**: EV 전용 타이어로 교체를 유도하기 위해 프로모션이나 할인 혜택을 제공하고, 일반 타이어에 대한 교환 프로모션을 제안합니다.

7. **고객 후기와 리뷰**: EV 타이어로 교체 후 이점을 경험한 EV 오너의 긍정적인 후기를 소개하여 신뢰와 신뢰성을 구축합니다.

이러한 전략에 집중함으로써 타이어 회사는 차량의 성능과 지속 가능성을 향상시킬 EV 타이어를 찾고 있는 성장하는 EV 시장의 고객층을 효과적으로 공략할 수 있습니다."
101000,1,User,일반 타이어와 전기차 타이어의 차이점을 바탕으로 전기차 타이어 판매전략을 세워주세요
101000,2,……,...생략…
101000,3,Researcher,"# 전기차 타이어 판매 전략

## EV 타이어의 차별화된 특성 강조

### 무거운 하중을 견디는 내구성
전기차 타이어는 전기차의 무거운 배터리 무게를 견디도록 설계되었습니다. 일반 내연기관 차량보다 10-20% 더 무거운 전기차의 하중을 견디기 위해 특별한 내구성을 갖추고 있습니다. [🔗](https://www.tirereview.com/5-ways-ev-tires-differ-from-regular-tires/)

💡 **판매 전략**: 전기차 소유자들에게 타이어의 내구성과 안전성을 강조하세요. 특히, 장거리 운행이나 무거운 짐을 자주 싣는 사용자들에게 적합함을 어필할 수 있습니다.

### 연비 효율성을 높이는 낮은 구름 저항
전기차 타이어는 구름 저항을 줄여 차량의 주행 효율성을 극대화하도록 설계되었습니다. 이는 전기차의 주행 거리를 늘리는 데 중요한 요소입니다. [🔗](https://www.evuniverse.com/whats-the-difference-between-regular-tires-and-ev-tires/)

💡 **판매 전략**: 전기차 소유자들에게 연비 효율성을 강조하며, 주행 거리 연장에 관심이 있는 고객층을 타겟으로 삼으세요.

### 높은 토크 대응을 위한 트랙션과 그립
전기차는 일반 차량보다 더 높은 토크를 제공하므로, 이를 지원하기 위해 특별한 트레드 패턴과 소재를 사용하여 더 나은 그립과 트랙션을 제공합니다. [🔗](https://electriccartalks.com/electric-car-tires-vs-regular-tires/)

💡 **판매 전략**: 높은 성능을 원하는 전기차 운전자들에게 트랙션과 그립의 중요성을 강조하며, 고성능 차량 소유자들을 타겟으로 삼으세요.

### 소음 감소 설계
전기차는 일반적으로 조용한 운행을 제공하므로, 타이어 역시 소음을 최소화하도록 설계되었습니다. 이는 전기차의 고유한 운행 환경을 유지하는 데 필수적입니다. [🔗](https://www.discounttire.com/blog/what-you-need-to-know-about-ev-tires)

💡 **판매 전략**: 조용한 운행을 선호하는 고객에게 소음 감소 기능을 강조하며, 프리미엄 경험을 원하는 고객층을 타겟으로 삼으세요.

## 추가 고려 사항 및 제안
- **가격 민감도**: 전기차 타이어는 일반 타이어보다 비쌀 수 있습니다. 가격 대비 성능을 강조하며, 장기적인 비용 절감 효과를 설명하세요.
- **환경 친화성**: 전기차 사용자들은 환경에 민감한 경우가 많습니다. 타이어의 친환경적인 제조 과정이나 재활용 가능성을 강조할 수 있습니다.

이러한 전략을 통해 전기차 타이어의 특성을 고객에게 효과적으로 전달하고, 시장에서의 경쟁력을 높일 수 있습니다. 추가적으로, 변화하는 전기차 시장 트렌드에 대한 지속적인 모니터링이 필요합니다."
